{"cameraMode":{"drawMode":0,"name":"Shaded","section":"Shading Mode"},"sceneLighting":false,"audioPlay":false,"sceneViewState":{"m_AlwaysRefresh":false,"showFog":true,"showSkybox":false,"showFlares":true,"showImageEffects":true,"showParticleSystems":true,"showVisualEffectGraphs":true,"m_FxEnabled":true},"in2DMode":false,"pivot":{"x":4.7316694259643559,"y":29.692466735839845,"z":-1.1842613220214844},"rotation":{"x":0.19872532784938813,"y":-0.4151056110858917,"z":0.09343743324279785,"w":0.8828854560852051},"size":3.8978874683380129,"orthographic":false}